Territorio,Et√†,Valore
Piemonte,0,28859
Piemonte,1,31018
Piemonte,2,32321
Piemonte,3,33169
Piemonte,4,34519
Piemonte,5,35425
Piemonte,6,36819
Piemonte,7,37176
Piemonte,8,37984
Piemonte,9,39048
Piemonte,10,39340
Piemonte,11,39283
Piemonte,12,38628
Piemonte,13,38402
Piemonte,14,38350
Piemonte,15,38457
Piemonte,16,37892
Piemonte,17,37964
Piemonte,18,39458
Piemonte,19,39018
Piemonte,20,40091
Piemonte,21,39930
Piemonte,22,39385
Piemonte,23,39369
Piemonte,24,39755
Piemonte,25,40289
Piemonte,26,41644
Piemonte,27,42168
Piemonte,28,43446
Piemonte,29,42937
Piemonte,30,44289
Piemonte,31,43388
Piemonte,32,44277
Piemonte,33,45575
Piemonte,34,45854
Piemonte,35,47224
Piemonte,36,49248
Piemonte,37,49369
Piemonte,38,50876
Piemonte,39,52094
Piemonte,40,55767
Piemonte,41,58641
Piemonte,42,61392
Piemonte,43,64938
Piemonte,44,67794
Piemonte,45,67736
Piemonte,46,69446
Piemonte,47,70553
Piemonte,48,69804
Piemonte,49,72228
Piemonte,50,71727
Piemonte,51,71695
Piemonte,52,72143
Piemonte,53,71778
Piemonte,54,72848
Piemonte,55,67979
Piemonte,56,65468
Piemonte,57,64797
Piemonte,58,62664
Piemonte,59,61154
Piemonte,60,59407
Piemonte,61,59124
Piemonte,62,57787
Piemonte,63,56636
Piemonte,64,55820
Piemonte,65,53750
Piemonte,66,53676
Piemonte,67,52667
Piemonte,68,54782
Piemonte,69,55191
Piemonte,70,57801
Piemonte,71,56367
Piemonte,72,54700
Piemonte,73,41605
Piemonte,74,44291
Piemonte,75,43643
Piemonte,76,43835
Piemonte,77,43764
Piemonte,78,47301
Piemonte,79,46248
Piemonte,80,44147
Piemonte,81,39452
Piemonte,82,35269
Piemonte,83,34291
Piemonte,84,31039
Piemonte,85,27820
Piemonte,86,25660
Piemonte,87,23370
Piemonte,88,21788
Piemonte,89,17666
Piemonte,90,14500
Piemonte,91,12177
Piemonte,92,9571
Piemonte,93,7469
Piemonte,94,5658
Piemonte,95,4370
Piemonte,96,3298
Piemonte,97,2324
Piemonte,98,1490
Piemonte,99,663
Piemonte,100,1099
Valle d'Aosta,0,889
Valle d'Aosta,1,892
Valle d'Aosta,2,962
Valle d'Aosta,3,972
Valle d'Aosta,4,1061
Valle d'Aosta,5,1036
Valle d'Aosta,6,1127
Valle d'Aosta,7,1193
Valle d'Aosta,8,1165
Valle d'Aosta,9,1231
Valle d'Aosta,10,1213
Valle d'Aosta,11,1200
Valle d'Aosta,12,1241
Valle d'Aosta,13,1140
Valle d'Aosta,14,1178
Valle d'Aosta,15,1185
Valle d'Aosta,16,1113
Valle d'Aosta,17,1184
Valle d'Aosta,18,1235
Valle d'Aosta,19,1218
Valle d'Aosta,20,1198
Valle d'Aosta,21,1134
Valle d'Aosta,22,1221
Valle d'Aosta,23,1169
Valle d'Aosta,24,1140
Valle d'Aosta,25,1141
Valle d'Aosta,26,1235
Valle d'Aosta,27,1193
Valle d'Aosta,28,1260
Valle d'Aosta,29,1223
Valle d'Aosta,30,1283
Valle d'Aosta,31,1256
Valle d'Aosta,32,1266
Valle d'Aosta,33,1304
Valle d'Aosta,34,1325
Valle d'Aosta,35,1391
Valle d'Aosta,36,1400
Valle d'Aosta,37,1345
Valle d'Aosta,38,1432
Valle d'Aosta,39,1443
Valle d'Aosta,40,1698
Valle d'Aosta,41,1660
Valle d'Aosta,42,1769
Valle d'Aosta,43,1866
Valle d'Aosta,44,1963
Valle d'Aosta,45,1989
Valle d'Aosta,46,1999
Valle d'Aosta,47,2100
Valle d'Aosta,48,2072
Valle d'Aosta,49,2177
Valle d'Aosta,50,2100
Valle d'Aosta,51,2176
Valle d'Aosta,52,2193
Valle d'Aosta,53,2129
Valle d'Aosta,54,2272
Valle d'Aosta,55,2079
Valle d'Aosta,56,1926
Valle d'Aosta,57,1928
Valle d'Aosta,58,1758
Valle d'Aosta,59,1845
Valle d'Aosta,60,1687
Valle d'Aosta,61,1667
Valle d'Aosta,62,1611
Valle d'Aosta,63,1633
Valle d'Aosta,64,1611
Valle d'Aosta,65,1567
Valle d'Aosta,66,1496
Valle d'Aosta,67,1524
Valle d'Aosta,68,1512
Valle d'Aosta,69,1595
Valle d'Aosta,70,1605
Valle d'Aosta,71,1506
Valle d'Aosta,72,1440
Valle d'Aosta,73,1099
Valle d'Aosta,74,1178
Valle d'Aosta,75,1239
Valle d'Aosta,76,1224
Valle d'Aosta,77,1222
Valle d'Aosta,78,1265
Valle d'Aosta,79,1173
Valle d'Aosta,80,1171
Valle d'Aosta,81,1014
Valle d'Aosta,82,892
Valle d'Aosta,83,821
Valle d'Aosta,84,739
Valle d'Aosta,85,739
Valle d'Aosta,86,631
Valle d'Aosta,87,595
Valle d'Aosta,88,583
Valle d'Aosta,89,458
Valle d'Aosta,90,400
Valle d'Aosta,91,316
Valle d'Aosta,92,260
Valle d'Aosta,93,204
Valle d'Aosta,94,131
Valle d'Aosta,95,114
Valle d'Aosta,96,94
Valle d'Aosta,97,75
Valle d'Aosta,98,39
Valle d'Aosta,99,19
Valle d'Aosta,100,24
Liguria,0,8987
Liguria,1,9742
Liguria,2,10037
Liguria,3,10309
Liguria,4,10975
Liguria,5,11114
Liguria,6,11720
Liguria,7,11582
Liguria,8,12035
Liguria,9,12617
Liguria,10,12853
Liguria,11,12588
Liguria,12,12743
Liguria,13,12687
Liguria,14,12740
Liguria,15,12508
Liguria,16,12819
Liguria,17,12938
Liguria,18,13243
Liguria,19,13203
Liguria,20,13488
Liguria,21,13446
Liguria,22,13714
Liguria,23,13360
Liguria,24,13442
Liguria,25,13792
Liguria,26,14444
Liguria,27,14266
Liguria,28,14346
Liguria,29,14362
Liguria,30,14710
Liguria,31,14424
Liguria,32,14254
Liguria,33,14897
Liguria,34,14833
Liguria,35,15202
Liguria,36,15222
Liguria,37,15897
Liguria,38,15688
Liguria,39,16511
Liguria,40,17789
Liguria,41,18835
Liguria,42,19950
Liguria,43,21364
Liguria,44,22849
Liguria,45,23237
Liguria,46,24490
Liguria,47,24660
Liguria,48,24868
Liguria,49,25425
Liguria,50,25707
Liguria,51,25518
Liguria,52,26650
Liguria,53,27042
Liguria,54,27321
Liguria,55,25670
Liguria,56,24655
Liguria,57,23920
Liguria,58,23112
Liguria,59,22899
Liguria,60,21871
Liguria,61,21633
Liguria,62,21046
Liguria,63,20344
Liguria,64,20285
Liguria,65,19626
Liguria,66,19010
Liguria,67,18958
Liguria,68,20155
Liguria,69,20399
Liguria,70,21449
Liguria,71,21974
Liguria,72,22004
Liguria,73,15895
Liguria,74,17829
Liguria,75,17229
Liguria,76,17604
Liguria,77,17943
Liguria,78,19071
Liguria,79,18489
Liguria,80,17782
Liguria,81,16045
Liguria,82,14456
Liguria,83,13817
Liguria,84,12591
Liguria,85,11739
Liguria,86,10944
Liguria,87,10036
Liguria,88,9438
Liguria,89,7832
Liguria,90,6581
Liguria,91,5466
Liguria,92,4407
Liguria,93,3555
Liguria,94,2744
Liguria,95,2129
Liguria,96,1621
Liguria,97,1135
Liguria,98,813
Liguria,99,352
Liguria,100,644
Lombardia,0,75523
Lombardia,1,79679
Lombardia,2,82492
Lombardia,3,85487
Lombardia,4,87750
Lombardia,5,89293
Lombardia,6,92567
Lombardia,7,94708
Lombardia,8,97418
Lombardia,9,99497
Lombardia,10,99417
Lombardia,11,98279
Lombardia,12,98644
Lombardia,13,96225
Lombardia,14,96512
Lombardia,15,94297
Lombardia,16,93094
Lombardia,17,94190
Lombardia,18,95729
Lombardia,19,94850
Lombardia,20,96051
Lombardia,21,95513
Lombardia,22,95049
Lombardia,23,93955
Lombardia,24,94688
Lombardia,25,96049
Lombardia,26,100002
Lombardia,27,100340
Lombardia,28,104690
Lombardia,29,106017
Lombardia,30,109689
Lombardia,31,108273
Lombardia,32,109546
Lombardia,33,113621
Lombardia,34,116538
Lombardia,35,119830
Lombardia,36,124495
Lombardia,37,125625
Lombardia,38,128300
Lombardia,39,131677
Lombardia,40,139048
Lombardia,41,145012
Lombardia,42,150522
Lombardia,43,160095
Lombardia,44,164972
Lombardia,45,164995
Lombardia,46,166358
Lombardia,47,166242
Lombardia,48,164822
Lombardia,49,168968
Lombardia,50,168082
Lombardia,51,167534
Lombardia,52,170499
Lombardia,53,168857
Lombardia,54,167667
Lombardia,55,156733
Lombardia,56,148737
Lombardia,57,144059
Lombardia,58,139024
Lombardia,59,134983
Lombardia,60,128528
Lombardia,61,125840
Lombardia,62,123556
Lombardia,63,119867
Lombardia,64,117139
Lombardia,65,112957
Lombardia,66,112346
Lombardia,67,110926
Lombardia,68,115183
Lombardia,69,115817
Lombardia,70,119360
Lombardia,71,115193
Lombardia,72,117849
Lombardia,73,86455
Lombardia,74,91634
Lombardia,75,89697
Lombardia,76,90608
Lombardia,77,91472
Lombardia,78,97907
Lombardia,79,94061
Lombardia,80,88927
Lombardia,81,77884
Lombardia,82,68789
Lombardia,83,67524
Lombardia,84,60734
Lombardia,85,54837
Lombardia,86,50114
Lombardia,87,44955
Lombardia,88,40837
Lombardia,89,33640
Lombardia,90,28181
Lombardia,91,23351
Lombardia,92,18550
Lombardia,93,14862
Lombardia,94,11593
Lombardia,95,8878
Lombardia,96,6253
Lombardia,97,4670
Lombardia,98,3173
Lombardia,99,1438
Lombardia,100,2181
P.A. Bolzano,0,5289
P.A. Bolzano,1,5405
P.A. Bolzano,2,5528
P.A. Bolzano,3,5472
P.A. Bolzano,4,5673
P.A. Bolzano,5,5410
P.A. Bolzano,6,5602
P.A. Bolzano,7,5520
P.A. Bolzano,8,5555
P.A. Bolzano,9,5482
P.A. Bolzano,10,5685
P.A. Bolzano,11,5742
P.A. Bolzano,12,5712
P.A. Bolzano,13,5818
P.A. Bolzano,14,5790
P.A. Bolzano,15,5732
P.A. Bolzano,16,5588
P.A. Bolzano,17,5830
P.A. Bolzano,18,5959
P.A. Bolzano,19,6038
P.A. Bolzano,20,6102
P.A. Bolzano,21,6220
P.A. Bolzano,22,6112
P.A. Bolzano,23,5940
P.A. Bolzano,24,6098
P.A. Bolzano,25,5965
P.A. Bolzano,26,6163
P.A. Bolzano,27,6220
P.A. Bolzano,28,6209
P.A. Bolzano,29,6144
P.A. Bolzano,30,6059
P.A. Bolzano,31,5883
P.A. Bolzano,32,6027
P.A. Bolzano,33,6175
P.A. Bolzano,34,6221
P.A. Bolzano,35,6357
P.A. Bolzano,36,6695
P.A. Bolzano,37,6736
P.A. Bolzano,38,6752
P.A. Bolzano,39,6597
P.A. Bolzano,40,6804
P.A. Bolzano,41,6779
P.A. Bolzano,42,6966
P.A. Bolzano,43,7437
P.A. Bolzano,44,7878
P.A. Bolzano,45,7974
P.A. Bolzano,46,8309
P.A. Bolzano,47,8504
P.A. Bolzano,48,8477
P.A. Bolzano,49,8910
P.A. Bolzano,50,8786
P.A. Bolzano,51,8595
P.A. Bolzano,52,8796
P.A. Bolzano,53,8847
P.A. Bolzano,54,8748
P.A. Bolzano,55,8195
P.A. Bolzano,56,7858
P.A. Bolzano,57,7619
P.A. Bolzano,58,7287
P.A. Bolzano,59,6981
P.A. Bolzano,60,6522
P.A. Bolzano,61,6289
P.A. Bolzano,62,5986
P.A. Bolzano,63,5659
P.A. Bolzano,64,5430
P.A. Bolzano,65,5318
P.A. Bolzano,66,5154
P.A. Bolzano,67,4996
P.A. Bolzano,68,5073
P.A. Bolzano,69,4927
P.A. Bolzano,70,5120
P.A. Bolzano,71,4885
P.A. Bolzano,72,5299
P.A. Bolzano,73,3876
P.A. Bolzano,74,4546
P.A. Bolzano,75,4917
P.A. Bolzano,76,4785
P.A. Bolzano,77,4790
P.A. Bolzano,78,4267
P.A. Bolzano,79,4172
P.A. Bolzano,80,3735
P.A. Bolzano,81,3334
P.A. Bolzano,82,3037
P.A. Bolzano,83,2803
P.A. Bolzano,84,2717
P.A. Bolzano,85,2552
P.A. Bolzano,86,2317
P.A. Bolzano,87,2083
P.A. Bolzano,88,1885
P.A. Bolzano,89,1529
P.A. Bolzano,90,1329
P.A. Bolzano,91,1086
P.A. Bolzano,92,889
P.A. Bolzano,93,734
P.A. Bolzano,94,557
P.A. Bolzano,95,474
P.A. Bolzano,96,360
P.A. Bolzano,97,221
P.A. Bolzano,98,137
P.A. Bolzano,99,61
P.A. Bolzano,100,72
P.A. Trento,0,4358
P.A. Trento,1,4542
P.A. Trento,2,4708
P.A. Trento,3,4827
P.A. Trento,4,4904
P.A. Trento,5,5178
P.A. Trento,6,5196
P.A. Trento,7,5356
P.A. Trento,8,5514
P.A. Trento,9,5452
P.A. Trento,10,5565
P.A. Trento,11,5392
P.A. Trento,12,5467
P.A. Trento,13,5511
P.A. Trento,14,5686
P.A. Trento,15,5460
P.A. Trento,16,5476
P.A. Trento,17,5529
P.A. Trento,18,5695
P.A. Trento,19,5689
P.A. Trento,20,5744
P.A. Trento,21,5588
P.A. Trento,22,5658
P.A. Trento,23,5564
P.A. Trento,24,5594
P.A. Trento,25,5627
P.A. Trento,26,5848
P.A. Trento,27,5740
P.A. Trento,28,5861
P.A. Trento,29,5787
P.A. Trento,30,5912
P.A. Trento,31,5927
P.A. Trento,32,5827
P.A. Trento,33,5988
P.A. Trento,34,6005
P.A. Trento,35,6218
P.A. Trento,36,6310
P.A. Trento,37,6177
P.A. Trento,38,6324
P.A. Trento,39,6556
P.A. Trento,40,7082
P.A. Trento,41,7174
P.A. Trento,42,7512
P.A. Trento,43,7826
P.A. Trento,44,8270
P.A. Trento,45,8231
P.A. Trento,46,8137
P.A. Trento,47,8496
P.A. Trento,48,8208
P.A. Trento,49,8638
P.A. Trento,50,8652
P.A. Trento,51,8775
P.A. Trento,52,8879
P.A. Trento,53,9023
P.A. Trento,54,8989
P.A. Trento,55,8465
P.A. Trento,56,7915
P.A. Trento,57,8102
P.A. Trento,58,7745
P.A. Trento,59,7534
P.A. Trento,60,7123
P.A. Trento,61,7064
P.A. Trento,62,6949
P.A. Trento,63,6690
P.A. Trento,64,6478
P.A. Trento,65,6378
P.A. Trento,66,6250
P.A. Trento,67,6097
P.A. Trento,68,6320
P.A. Trento,69,5967
P.A. Trento,70,6117
P.A. Trento,71,5970
P.A. Trento,72,6266
P.A. Trento,73,4335
P.A. Trento,74,4835
P.A. Trento,75,4936
P.A. Trento,76,4845
P.A. Trento,77,4741
P.A. Trento,78,4767
P.A. Trento,79,4386
P.A. Trento,80,4190
P.A. Trento,81,3681
P.A. Trento,82,3394
P.A. Trento,83,3327
P.A. Trento,84,3035
P.A. Trento,85,2781
P.A. Trento,86,2552
P.A. Trento,87,2358
P.A. Trento,88,2308
P.A. Trento,89,1852
P.A. Trento,90,1642
P.A. Trento,91,1378
P.A. Trento,92,1112
P.A. Trento,93,914
P.A. Trento,94,740
P.A. Trento,95,647
P.A. Trento,96,485
P.A. Trento,97,333
P.A. Trento,98,229
P.A. Trento,99,107
P.A. Trento,100,106
Veneto,0,35442
Veneto,1,37024
Veneto,2,38332
Veneto,3,39477
Veneto,4,40785
Veneto,5,41911
Veneto,6,44049
Veneto,7,44826
Veneto,8,46209
Veneto,9,46871
Veneto,10,47899
Veneto,11,47303
Veneto,12,47311
Veneto,13,46910
Veneto,14,47556
Veneto,15,46627
Veneto,16,46085
Veneto,17,45836
Veneto,18,47763
Veneto,19,47172
Veneto,20,47856
Veneto,21,47808
Veneto,22,47373
Veneto,23,46666
Veneto,24,46881
Veneto,25,47320
Veneto,26,49152
Veneto,27,49028
Veneto,28,50217
Veneto,29,50083
Veneto,30,51307
Veneto,31,49770
Veneto,32,50350
Veneto,33,53004
Veneto,34,53167
Veneto,35,54265
Veneto,36,56452
Veneto,37,57647
Veneto,38,59288
Veneto,39,61802
Veneto,40,66168
Veneto,41,68385
Veneto,42,71608
Veneto,43,75222
Veneto,44,79909
Veneto,45,79261
Veneto,46,80374
Veneto,47,81460
Veneto,48,81499
Veneto,49,83739
Veneto,50,82804
Veneto,51,83406
Veneto,52,83841
Veneto,53,83966
Veneto,54,84526
Veneto,55,79221
Veneto,56,76193
Veneto,57,74588
Veneto,58,70473
Veneto,59,69968
Veneto,60,65553
Veneto,61,64115
Veneto,62,62836
Veneto,63,60464
Veneto,64,59446
Veneto,65,57298
Veneto,66,56241
Veneto,67,55251
Veneto,68,57450
Veneto,69,56434
Veneto,70,57781
Veneto,71,56190
Veneto,72,60438
Veneto,73,41111
Veneto,74,47165
Veneto,75,47658
Veneto,76,45682
Veneto,77,44799
Veneto,78,46627
Veneto,79,44715
Veneto,80,42100
Veneto,81,37219
Veneto,82,33420
Veneto,83,32561
Veneto,84,29944
Veneto,85,25918
Veneto,86,24025
Veneto,87,21589
Veneto,88,20291
Veneto,89,16264
Veneto,90,14314
Veneto,91,12330
Veneto,92,9689
Veneto,93,7798
Veneto,94,5899
Veneto,95,4765
Veneto,96,3340
Veneto,97,2343
Veneto,98,1587
Veneto,99,707
Veneto,100,1062
Friuli Venezia Giulia,0,7829
Friuli Venezia Giulia,1,8224
Friuli Venezia Giulia,2,8644
Friuli Venezia Giulia,3,8736
Friuli Venezia Giulia,4,9271
Friuli Venezia Giulia,5,9455
Friuli Venezia Giulia,6,9882
Friuli Venezia Giulia,7,10067
Friuli Venezia Giulia,8,10481
Friuli Venezia Giulia,9,10593
Friuli Venezia Giulia,10,10567
Friuli Venezia Giulia,11,10772
Friuli Venezia Giulia,12,10736
Friuli Venezia Giulia,13,10520
Friuli Venezia Giulia,14,10579
Friuli Venezia Giulia,15,10542
Friuli Venezia Giulia,16,10391
Friuli Venezia Giulia,17,10512
Friuli Venezia Giulia,18,10857
Friuli Venezia Giulia,19,10546
Friuli Venezia Giulia,20,10662
Friuli Venezia Giulia,21,10496
Friuli Venezia Giulia,22,10835
Friuli Venezia Giulia,23,10564
Friuli Venezia Giulia,24,10581
Friuli Venezia Giulia,25,10743
Friuli Venezia Giulia,26,11425
Friuli Venezia Giulia,27,11573
Friuli Venezia Giulia,28,11680
Friuli Venezia Giulia,29,11793
Friuli Venezia Giulia,30,12112
Friuli Venezia Giulia,31,11603
Friuli Venezia Giulia,32,11959
Friuli Venezia Giulia,33,12472
Friuli Venezia Giulia,34,12713
Friuli Venezia Giulia,35,12730
Friuli Venezia Giulia,36,13491
Friuli Venezia Giulia,37,13651
Friuli Venezia Giulia,38,14076
Friuli Venezia Giulia,39,14538
Friuli Venezia Giulia,40,15742
Friuli Venezia Giulia,41,16020
Friuli Venezia Giulia,42,16971
Friuli Venezia Giulia,43,17947
Friuli Venezia Giulia,44,19366
Friuli Venezia Giulia,45,19193
Friuli Venezia Giulia,46,19783
Friuli Venezia Giulia,47,19864
Friuli Venezia Giulia,48,20017
Friuli Venezia Giulia,49,20178
Friuli Venezia Giulia,50,20053
Friuli Venezia Giulia,51,20289
Friuli Venezia Giulia,52,20345
Friuli Venezia Giulia,53,20540
Friuli Venezia Giulia,54,20948
Friuli Venezia Giulia,55,19850
Friuli Venezia Giulia,56,18745
Friuli Venezia Giulia,57,18272
Friuli Venezia Giulia,58,17684
Friuli Venezia Giulia,59,17462
Friuli Venezia Giulia,60,16445
Friuli Venezia Giulia,61,16072
Friuli Venezia Giulia,62,15920
Friuli Venezia Giulia,63,15507
Friuli Venezia Giulia,64,15250
Friuli Venezia Giulia,65,15151
Friuli Venezia Giulia,66,14965
Friuli Venezia Giulia,67,14739
Friuli Venezia Giulia,68,15684
Friuli Venezia Giulia,69,15409
Friuli Venezia Giulia,70,16368
Friuli Venezia Giulia,71,16261
Friuli Venezia Giulia,72,17022
Friuli Venezia Giulia,73,11546
Friuli Venezia Giulia,74,13687
Friuli Venezia Giulia,75,13361
Friuli Venezia Giulia,76,13300
Friuli Venezia Giulia,77,13304
Friuli Venezia Giulia,78,13830
Friuli Venezia Giulia,79,12904
Friuli Venezia Giulia,80,12083
Friuli Venezia Giulia,81,10806
Friuli Venezia Giulia,82,9613
Friuli Venezia Giulia,83,9091
Friuli Venezia Giulia,84,8014
Friuli Venezia Giulia,85,7338
Friuli Venezia Giulia,86,6765
Friuli Venezia Giulia,87,6034
Friuli Venezia Giulia,88,5860
Friuli Venezia Giulia,89,4755
Friuli Venezia Giulia,90,4125
Friuli Venezia Giulia,91,3531
Friuli Venezia Giulia,92,3018
Friuli Venezia Giulia,93,2454
Friuli Venezia Giulia,94,1993
Friuli Venezia Giulia,95,1509
Friuli Venezia Giulia,96,1148
Friuli Venezia Giulia,97,935
Friuli Venezia Giulia,98,624
Friuli Venezia Giulia,99,270
Friuli Venezia Giulia,100,359
Emilia Romagna,0,32486
Emilia Romagna,1,33566
Emilia Romagna,2,35276
Emilia Romagna,3,36491
Emilia Romagna,4,37467
Emilia Romagna,5,38442
Emilia Romagna,6,39700
Emilia Romagna,7,40453
Emilia Romagna,8,41801
Emilia Romagna,9,42494
Emilia Romagna,10,42176
Emilia Romagna,11,41927
Emilia Romagna,12,41541
Emilia Romagna,13,40805
Emilia Romagna,14,40355
Emilia Romagna,15,39371
Emilia Romagna,16,39527
Emilia Romagna,17,39448
Emilia Romagna,18,40185
Emilia Romagna,19,39577
Emilia Romagna,20,40014
Emilia Romagna,21,39974
Emilia Romagna,22,39727
Emilia Romagna,23,39469
Emilia Romagna,24,40176
Emilia Romagna,25,40662
Emilia Romagna,26,42939
Emilia Romagna,27,43563
Emilia Romagna,28,45097
Emilia Romagna,29,45035
Emilia Romagna,30,46047
Emilia Romagna,31,46283
Emilia Romagna,32,46853
Emilia Romagna,33,48920
Emilia Romagna,34,50221
Emilia Romagna,35,51321
Emilia Romagna,36,52987
Emilia Romagna,37,53558
Emilia Romagna,38,55732
Emilia Romagna,39,57969
Emilia Romagna,40,61706
Emilia Romagna,41,64331
Emilia Romagna,42,67463
Emilia Romagna,43,70898
Emilia Romagna,44,73972
Emilia Romagna,45,73928
Emilia Romagna,46,74226
Emilia Romagna,47,74618
Emilia Romagna,48,73657
Emilia Romagna,49,74390
Emilia Romagna,50,74038
Emilia Romagna,51,72810
Emilia Romagna,52,73393
Emilia Romagna,53,72426
Emilia Romagna,54,73656
Emilia Romagna,55,68806
Emilia Romagna,56,66489
Emilia Romagna,57,65019
Emilia Romagna,58,62972
Emilia Romagna,59,61535
Emilia Romagna,60,58513
Emilia Romagna,61,58113
Emilia Romagna,62,57104
Emilia Romagna,63,54698
Emilia Romagna,64,53109
Emilia Romagna,65,50757
Emilia Romagna,66,49991
Emilia Romagna,67,49214
Emilia Romagna,68,51401
Emilia Romagna,69,51743
Emilia Romagna,70,54497
Emilia Romagna,71,53907
Emilia Romagna,72,54412
Emilia Romagna,73,38272
Emilia Romagna,74,42459
Emilia Romagna,75,41836
Emilia Romagna,76,40713
Emilia Romagna,77,41190
Emilia Romagna,78,44343
Emilia Romagna,79,42995
Emilia Romagna,80,41969
Emilia Romagna,81,36998
Emilia Romagna,82,32900
Emilia Romagna,83,33419
Emilia Romagna,84,31149
Emilia Romagna,85,27598
Emilia Romagna,86,24475
Emilia Romagna,87,22814
Emilia Romagna,88,21297
Emilia Romagna,89,17535
Emilia Romagna,90,15218
Emilia Romagna,91,12952
Emilia Romagna,92,10411
Emilia Romagna,93,8725
Emilia Romagna,94,6706
Emilia Romagna,95,5319
Emilia Romagna,96,3831
Emilia Romagna,97,2869
Emilia Romagna,98,1858
Emilia Romagna,99,931
Emilia Romagna,100,1268
Toscana,0,24845
Toscana,1,26298
Toscana,2,27259
Toscana,3,27796
Toscana,4,29383
Toscana,5,29764
Toscana,6,31511
Toscana,7,31969
Toscana,8,32933
Toscana,9,33152
Toscana,10,34136
Toscana,11,33806
Toscana,12,33446
Toscana,13,33311
Toscana,14,33265
Toscana,15,32491
Toscana,16,32631
Toscana,17,32548
Toscana,18,33062
Toscana,19,32486
Toscana,20,33295
Toscana,21,33091
Toscana,22,33054
Toscana,23,32602
Toscana,24,32964
Toscana,25,33601
Toscana,26,35415
Toscana,27,35499
Toscana,28,37137
Toscana,29,36956
Toscana,30,38455
Toscana,31,37923
Toscana,32,37917
Toscana,33,39811
Toscana,34,40462
Toscana,35,41581
Toscana,36,42935
Toscana,37,43558
Toscana,38,44948
Toscana,39,46978
Toscana,40,49864
Toscana,41,51731
Toscana,42,54251
Toscana,43,56942
Toscana,44,59670
Toscana,45,60117
Toscana,46,60481
Toscana,47,61000
Toscana,48,59974
Toscana,49,61644
Toscana,50,60647
Toscana,51,61096
Toscana,52,61853
Toscana,53,61794
Toscana,54,62228
Toscana,55,58188
Toscana,56,56113
Toscana,57,54915
Toscana,58,53266
Toscana,59,51974
Toscana,60,49990
Toscana,61,48810
Toscana,62,48126
Toscana,63,47126
Toscana,64,46479
Toscana,65,44128
Toscana,66,43719
Toscana,67,43395
Toscana,68,44611
Toscana,69,46492
Toscana,70,49331
Toscana,71,49048
Toscana,72,49058
Toscana,73,37888
Toscana,74,37608
Toscana,75,37463
Toscana,76,35518
Toscana,77,36290
Toscana,78,40087
Toscana,79,38130
Toscana,80,37504
Toscana,81,33102
Toscana,82,29362
Toscana,83,29067
Toscana,84,25911
Toscana,85,23779
Toscana,86,21414
Toscana,87,20130
Toscana,88,18783
Toscana,89,15378
Toscana,90,13340
Toscana,91,11191
Toscana,92,9032
Toscana,93,7255
Toscana,94,5757
Toscana,95,4420
Toscana,96,3158
Toscana,97,2375
Toscana,98,1649
Toscana,99,734
Toscana,100,981
Umbria,0,5816
Umbria,1,6078
Umbria,2,6447
Umbria,3,6546
Umbria,4,6956
Umbria,5,7257
Umbria,6,7588
Umbria,7,7680
Umbria,8,7850
Umbria,9,7856
Umbria,10,8234
Umbria,11,8212
Umbria,12,8093
Umbria,13,8048
Umbria,14,7821
Umbria,15,7738
Umbria,16,7736
Umbria,17,7656
Umbria,18,7851
Umbria,19,7805
Umbria,20,7895
Umbria,21,7855
Umbria,22,7911
Umbria,23,7935
Umbria,24,7931
Umbria,25,8202
Umbria,26,8628
Umbria,27,8511
Umbria,28,8741
Umbria,29,8999
Umbria,30,9413
Umbria,31,9112
Umbria,32,9263
Umbria,33,9559
Umbria,34,9707
Umbria,35,10435
Umbria,36,10313
Umbria,37,10682
Umbria,38,10728
Umbria,39,11138
Umbria,40,11712
Umbria,41,12182
Umbria,42,12602
Umbria,43,13182
Umbria,44,13789
Umbria,45,13679
Umbria,46,13544
Umbria,47,13771
Umbria,48,13551
Umbria,49,14015
Umbria,50,13974
Umbria,51,13854
Umbria,52,13812
Umbria,53,14306
Umbria,54,14383
Umbria,55,13399
Umbria,56,13104
Umbria,57,13073
Umbria,58,12872
Umbria,59,12366
Umbria,60,11668
Umbria,61,11402
Umbria,62,11573
Umbria,63,11340
Umbria,64,11006
Umbria,65,10855
Umbria,66,10229
Umbria,67,10700
Umbria,68,10855
Umbria,69,11182
Umbria,70,11875
Umbria,71,10969
Umbria,72,10503
Umbria,73,8376
Umbria,74,8847
Umbria,75,9184
Umbria,76,8421
Umbria,77,8461
Umbria,78,9328
Umbria,79,8995
Umbria,80,8950
Umbria,81,7852
Umbria,82,7002
Umbria,83,6947
Umbria,84,6519
Umbria,85,6012
Umbria,86,5196
Umbria,87,5094
Umbria,88,4664
Umbria,89,3679
Umbria,90,3165
Umbria,91,2847
Umbria,92,2294
Umbria,93,1925
Umbria,94,1479
Umbria,95,1063
Umbria,96,765
Umbria,97,579
Umbria,98,379
Umbria,99,185
Umbria,100,254
Marche,0,10159
Marche,1,10694
Marche,2,11463
Marche,3,11904
Marche,4,12285
Marche,5,12600
Marche,6,12942
Marche,7,13549
Marche,8,13747
Marche,9,14107
Marche,10,14161
Marche,11,13970
Marche,12,13766
Marche,13,13720
Marche,14,13726
Marche,15,13575
Marche,16,13676
Marche,17,13593
Marche,18,14224
Marche,19,14204
Marche,20,14605
Marche,21,14381
Marche,22,14298
Marche,23,14441
Marche,24,14382
Marche,25,14762
Marche,26,15333
Marche,27,15395
Marche,28,15691
Marche,29,15537
Marche,30,15930
Marche,31,15549
Marche,32,16177
Marche,33,16503
Marche,34,16646
Marche,35,17210
Marche,36,17904
Marche,37,18057
Marche,38,18788
Marche,39,19588
Marche,40,20874
Marche,41,21424
Marche,42,21971
Marche,43,23146
Marche,44,23675
Marche,45,23334
Marche,46,23568
Marche,47,24289
Marche,48,23625
Marche,49,24468
Marche,50,24189
Marche,51,24199
Marche,52,24352
Marche,53,24157
Marche,54,24889
Marche,55,23639
Marche,56,22459
Marche,57,22735
Marche,58,21889
Marche,59,21280
Marche,60,20673
Marche,61,20214
Marche,62,20308
Marche,63,19540
Marche,64,18811
Marche,65,18265
Marche,66,18183
Marche,67,18423
Marche,68,18691
Marche,69,17990
Marche,70,18510
Marche,71,17819
Marche,72,17828
Marche,73,14680
Marche,74,14129
Marche,75,14728
Marche,76,13846
Marche,77,13720
Marche,78,15454
Marche,79,15543
Marche,80,15337
Marche,81,13414
Marche,82,12098
Marche,83,12153
Marche,84,11070
Marche,85,10067
Marche,86,8675
Marche,87,8524
Marche,88,7694
Marche,89,6180
Marche,90,5509
Marche,91,4856
Marche,92,3950
Marche,93,3214
Marche,94,2320
Marche,95,1819
Marche,96,1289
Marche,97,956
Marche,98,677
Marche,99,280
Marche,100,430
Lazio,0,42120
Lazio,1,44327
Lazio,2,47550
Lazio,3,48904
Lazio,4,50620
Lazio,5,51646
Lazio,6,54473
Lazio,7,54799
Lazio,8,55862
Lazio,9,55982
Lazio,10,56463
Lazio,11,56659
Lazio,12,56147
Lazio,13,54331
Lazio,14,54647
Lazio,15,54084
Lazio,16,53124
Lazio,17,53409
Lazio,18,54310
Lazio,19,53708
Lazio,20,55155
Lazio,21,54919
Lazio,22,55665
Lazio,23,56386
Lazio,24,56965
Lazio,25,58070
Lazio,26,60891
Lazio,27,60516
Lazio,28,62677
Lazio,29,62860
Lazio,30,65305
Lazio,31,65100
Lazio,32,65565
Lazio,33,68657
Lazio,34,70851
Lazio,35,72405
Lazio,36,75275
Lazio,37,76197
Lazio,38,78037
Lazio,39,80240
Lazio,40,84480
Lazio,41,86312
Lazio,42,89618
Lazio,43,94189
Lazio,44,98096
Lazio,45,97677
Lazio,46,98918
Lazio,47,98679
Lazio,48,98652
Lazio,49,100038
Lazio,50,98885
Lazio,51,98867
Lazio,52,99024
Lazio,53,98824
Lazio,54,100219
Lazio,55,93866
Lazio,56,89811
Lazio,57,87294
Lazio,58,83471
Lazio,59,80896
Lazio,60,77409
Lazio,61,75887
Lazio,62,73886
Lazio,63,72372
Lazio,64,70881
Lazio,65,66688
Lazio,66,64768
Lazio,67,63837
Lazio,68,65269
Lazio,69,64815
Lazio,70,68033
Lazio,71,66979
Lazio,72,64812
Lazio,73,50368
Lazio,74,50159
Lazio,75,51962
Lazio,76,49737
Lazio,77,49483
Lazio,78,53527
Lazio,79,50822
Lazio,80,47722
Lazio,81,43030
Lazio,82,38873
Lazio,83,37722
Lazio,84,34363
Lazio,85,30699
Lazio,86,27115
Lazio,87,24947
Lazio,88,23303
Lazio,89,18437
Lazio,90,15365
Lazio,91,12815
Lazio,92,10525
Lazio,93,8030
Lazio,94,6391
Lazio,95,4935
Lazio,96,3558
Lazio,97,2638
Lazio,98,1868
Lazio,99,832
Lazio,100,1503
Abruzzo,0,8871
Abruzzo,1,9494
Abruzzo,2,10003
Abruzzo,3,10203
Abruzzo,4,10375
Abruzzo,5,10559
Abruzzo,6,11062
Abruzzo,7,11273
Abruzzo,8,11631
Abruzzo,9,11397
Abruzzo,10,11792
Abruzzo,11,11587
Abruzzo,12,11467
Abruzzo,13,11595
Abruzzo,14,11625
Abruzzo,15,11561
Abruzzo,16,11420
Abruzzo,17,11816
Abruzzo,18,12100
Abruzzo,19,12131
Abruzzo,20,12447
Abruzzo,21,12438
Abruzzo,22,12685
Abruzzo,23,12655
Abruzzo,24,13188
Abruzzo,25,13631
Abruzzo,26,14164
Abruzzo,27,14124
Abruzzo,28,14437
Abruzzo,29,14469
Abruzzo,30,14754
Abruzzo,31,14452
Abruzzo,32,14867
Abruzzo,33,15265
Abruzzo,34,15521
Abruzzo,35,15479
Abruzzo,36,16221
Abruzzo,37,16071
Abruzzo,38,16501
Abruzzo,39,17175
Abruzzo,40,17828
Abruzzo,41,17915
Abruzzo,42,18784
Abruzzo,43,19204
Abruzzo,44,20071
Abruzzo,45,19822
Abruzzo,46,20381
Abruzzo,47,20749
Abruzzo,48,20360
Abruzzo,49,21185
Abruzzo,50,21059
Abruzzo,51,21247
Abruzzo,52,21378
Abruzzo,53,21406
Abruzzo,54,21529
Abruzzo,55,20275
Abruzzo,56,19534
Abruzzo,57,19182
Abruzzo,58,18914
Abruzzo,59,18615
Abruzzo,60,17862
Abruzzo,61,17652
Abruzzo,62,17384
Abruzzo,63,17320
Abruzzo,64,16954
Abruzzo,65,15948
Abruzzo,66,15751
Abruzzo,67,15751
Abruzzo,68,16299
Abruzzo,69,16472
Abruzzo,70,16631
Abruzzo,71,15657
Abruzzo,72,15131
Abruzzo,73,11304
Abruzzo,74,12100
Abruzzo,75,11562
Abruzzo,76,11109
Abruzzo,77,11099
Abruzzo,78,12533
Abruzzo,79,12382
Abruzzo,80,11111
Abruzzo,81,10694
Abruzzo,82,9776
Abruzzo,83,9525
Abruzzo,84,8729
Abruzzo,85,8385
Abruzzo,86,7158
Abruzzo,87,6665
Abruzzo,88,6390
Abruzzo,89,5042
Abruzzo,90,4286
Abruzzo,91,3738
Abruzzo,92,2863
Abruzzo,93,2297
Abruzzo,94,1792
Abruzzo,95,1362
Abruzzo,96,1022
Abruzzo,97,769
Abruzzo,98,500
Abruzzo,99,235
Abruzzo,100,396
Molise,0,1872
Molise,1,2102
Molise,2,2060
Molise,3,2157
Molise,4,2177
Molise,5,2223
Molise,6,2280
Molise,7,2326
Molise,8,2454
Molise,9,2297
Molise,10,2505
Molise,11,2498
Molise,12,2484
Molise,13,2587
Molise,14,2595
Molise,15,2620
Molise,16,2680
Molise,17,2724
Molise,18,2904
Molise,19,3020
Molise,20,3224
Molise,21,3165
Molise,22,3194
Molise,23,3245
Molise,24,3336
Molise,25,3408
Molise,26,3578
Molise,27,3526
Molise,28,3488
Molise,29,3475
Molise,30,3529
Molise,31,3557
Molise,32,3408
Molise,33,3553
Molise,34,3574
Molise,35,3548
Molise,36,3662
Molise,37,3742
Molise,38,3677
Molise,39,3861
Molise,40,3910
Molise,41,4010
Molise,42,4125
Molise,43,4388
Molise,44,4536
Molise,45,4389
Molise,46,4466
Molise,47,4449
Molise,48,4491
Molise,49,4720
Molise,50,4755
Molise,51,4838
Molise,52,4910
Molise,53,4908
Molise,54,5055
Molise,55,4719
Molise,56,4607
Molise,57,4582
Molise,58,4663
Molise,59,4478
Molise,60,4233
Molise,61,4228
Molise,62,4215
Molise,63,4161
Molise,64,4179
Molise,65,3817
Molise,66,3951
Molise,67,3660
Molise,68,3938
Molise,69,4079
Molise,70,3958
Molise,71,3759
Molise,72,3481
Molise,73,2702
Molise,74,2627
Molise,75,2455
Molise,76,2367
Molise,77,2587
Molise,78,2914
Molise,79,3019
Molise,80,2568
Molise,81,2525
Molise,82,2487
Molise,83,2356
Molise,84,2319
Molise,85,2129
Molise,86,1810
Molise,87,1676
Molise,88,1677
Molise,89,1317
Molise,90,1081
Molise,91,986
Molise,92,791
Molise,93,582
Molise,94,481
Molise,95,361
Molise,96,295
Molise,97,218
Molise,98,142
Molise,99,63
Molise,100,109
Campania,0,47836
Campania,1,49842
Campania,2,50055
Campania,3,50857
Campania,4,51530
Campania,5,52583
Campania,6,54913
Campania,7,56162
Campania,8,57751
Campania,9,59383
Campania,10,60186
Campania,11,61275
Campania,12,61707
Campania,13,62192
Campania,14,64330
Campania,15,65150
Campania,16,64595
Campania,17,66187
Campania,18,67621
Campania,19,68227
Campania,20,68827
Campania,21,68895
Campania,22,69567
Campania,23,69804
Campania,24,70703
Campania,25,72020
Campania,26,75044
Campania,27,74237
Campania,28,73645
Campania,29,73159
Campania,30,73924
Campania,31,71371
Campania,32,70782
Campania,33,72170
Campania,34,73001
Campania,35,73616
Campania,36,75313
Campania,37,74344
Campania,38,75141
Campania,39,76810
Campania,40,78939
Campania,41,80472
Campania,42,83479
Campania,43,86111
Campania,44,89266
Campania,45,87772
Campania,46,88312
Campania,47,88752
Campania,48,87352
Campania,49,89692
Campania,50,89550
Campania,51,90558
Campania,52,91173
Campania,53,91092
Campania,54,92700
Campania,55,87161
Campania,56,85186
Campania,57,83114
Campania,58,79716
Campania,59,78298
Campania,60,74282
Campania,61,73227
Campania,62,69745
Campania,63,70452
Campania,64,69430
Campania,65,63498
Campania,66,61364
Campania,67,61148
Campania,68,62073
Campania,69,61659
Campania,70,62673
Campania,71,60062
Campania,72,59989
Campania,73,48682
Campania,74,41193
Campania,75,43961
Campania,76,41531
Campania,77,39248
Campania,78,42255
Campania,79,40473
Campania,80,36548
Campania,81,33747
Campania,82,30244
Campania,83,29333
Campania,84,26124
Campania,85,24496
Campania,86,21721
Campania,87,19235
Campania,88,17590
Campania,89,13904
Campania,90,11591
Campania,91,9411
Campania,92,7328
Campania,93,5793
Campania,94,4319
Campania,95,3207
Campania,96,2332
Campania,97,1705
Campania,98,1157
Campania,99,503
Campania,100,1009
Puglia,0,28753
Puglia,1,30019
Puglia,2,30957
Puglia,3,31442
Puglia,4,32920
Puglia,5,33431
Puglia,6,34631
Puglia,7,35933
Puglia,8,37088
Puglia,9,37494
Puglia,10,37998
Puglia,11,38426
Puglia,12,38654
Puglia,13,39385
Puglia,14,40763
Puglia,15,41114
Puglia,16,41271
Puglia,17,42475
Puglia,18,43638
Puglia,19,43840
Puglia,20,44010
Puglia,21,43960
Puglia,22,44210
Puglia,23,44222
Puglia,24,44578
Puglia,25,45920
Puglia,26,47939
Puglia,27,46871
Puglia,28,46609
Puglia,29,46015
Puglia,30,47102
Puglia,31,45986
Puglia,32,45479
Puglia,33,45391
Puglia,34,46968
Puglia,35,47248
Puglia,36,48677
Puglia,37,49336
Puglia,38,50812
Puglia,39,53449
Puglia,40,55207
Puglia,41,57474
Puglia,42,59574
Puglia,43,61146
Puglia,44,62648
Puglia,45,60744
Puglia,46,59871
Puglia,47,61265
Puglia,48,60881
Puglia,49,62506
Puglia,50,62645
Puglia,51,63361
Puglia,52,63983
Puglia,53,63828
Puglia,54,64731
Puglia,55,60144
Puglia,56,58577
Puglia,57,57995
Puglia,58,56398
Puglia,59,55016
Puglia,60,52111
Puglia,61,52788
Puglia,62,51295
Puglia,63,50746
Puglia,64,49313
Puglia,65,47568
Puglia,66,45593
Puglia,67,46968
Puglia,68,48403
Puglia,69,48021
Puglia,70,50617
Puglia,71,47320
Puglia,72,46365
Puglia,73,38903
Puglia,74,34902
Puglia,75,34478
Puglia,76,34852
Puglia,77,32649
Puglia,78,34863
Puglia,79,33901
Puglia,80,31307
Puglia,81,28941
Puglia,82,25995
Puglia,83,25074
Puglia,84,23295
Puglia,85,20859
Puglia,86,18696
Puglia,87,16959
Puglia,88,15707
Puglia,89,12402
Puglia,90,10580
Puglia,91,8949
Puglia,92,6852
Puglia,93,5315
Puglia,94,3966
Puglia,95,3131
Puglia,96,2283
Puglia,97,1576
Puglia,98,1079
Puglia,99,524
Puglia,100,899
Basilicata,0,3689
Basilicata,1,3926
Basilicata,2,4009
Basilicata,3,4059
Basilicata,4,4076
Basilicata,5,4070
Basilicata,6,4451
Basilicata,7,4415
Basilicata,8,4558
Basilicata,9,4738
Basilicata,10,4891
Basilicata,11,4843
Basilicata,12,5001
Basilicata,13,4959
Basilicata,14,5282
Basilicata,15,5325
Basilicata,16,5491
Basilicata,17,5541
Basilicata,18,5807
Basilicata,19,5839
Basilicata,20,5873
Basilicata,21,5887
Basilicata,22,5945
Basilicata,23,6037
Basilicata,24,6191
Basilicata,25,6359
Basilicata,26,6837
Basilicata,27,6673
Basilicata,28,6964
Basilicata,29,6738
Basilicata,30,6711
Basilicata,31,6637
Basilicata,32,6515
Basilicata,33,6699
Basilicata,34,6811
Basilicata,35,6709
Basilicata,36,6789
Basilicata,37,6749
Basilicata,38,6762
Basilicata,39,6886
Basilicata,40,7316
Basilicata,41,7467
Basilicata,42,7972
Basilicata,43,8082
Basilicata,44,8288
Basilicata,45,8140
Basilicata,46,8337
Basilicata,47,8430
Basilicata,48,8534
Basilicata,49,8782
Basilicata,50,8817
Basilicata,51,9120
Basilicata,52,8853
Basilicata,53,8986
Basilicata,54,9308
Basilicata,55,8802
Basilicata,56,8894
Basilicata,57,8628
Basilicata,58,8481
Basilicata,59,8141
Basilicata,60,7866
Basilicata,61,7675
Basilicata,62,7832
Basilicata,63,7499
Basilicata,64,7482
Basilicata,65,6914
Basilicata,66,6811
Basilicata,67,6682
Basilicata,68,6889
Basilicata,69,6960
Basilicata,70,7121
Basilicata,71,6409
Basilicata,72,5825
Basilicata,73,4544
Basilicata,74,4418
Basilicata,75,4360
Basilicata,76,4352
Basilicata,77,4281
Basilicata,78,5000
Basilicata,79,5135
Basilicata,80,4754
Basilicata,81,4693
Basilicata,82,4320
Basilicata,83,4081
Basilicata,84,3966
Basilicata,85,3618
Basilicata,86,3102
Basilicata,87,2799
Basilicata,88,2661
Basilicata,89,2168
Basilicata,90,1748
Basilicata,91,1472
Basilicata,92,1179
Basilicata,93,868
Basilicata,94,652
Basilicata,95,546
Basilicata,96,401
Basilicata,97,301
Basilicata,98,168
Basilicata,99,84
Basilicata,100,113
Calabria,0,15036
Calabria,1,15681
Calabria,2,15979
Calabria,3,16275
Calabria,4,16383
Calabria,5,16446
Calabria,6,16803
Calabria,7,17167
Calabria,8,17637
Calabria,9,17905
Calabria,10,18028
Calabria,11,18104
Calabria,12,18623
Calabria,13,18414
Calabria,14,18982
Calabria,15,19053
Calabria,16,18878
Calabria,17,19673
Calabria,18,20422
Calabria,19,20499
Calabria,20,20891
Calabria,21,20705
Calabria,22,21255
Calabria,23,21771
Calabria,24,22281
Calabria,25,23243
Calabria,26,24032
Calabria,27,23788
Calabria,28,24383
Calabria,29,24687
Calabria,30,25176
Calabria,31,24712
Calabria,32,24399
Calabria,33,24389
Calabria,34,24685
Calabria,35,24466
Calabria,36,24894
Calabria,37,24840
Calabria,38,25172
Calabria,39,25568
Calabria,40,25873
Calabria,41,26431
Calabria,42,27735
Calabria,43,27571
Calabria,44,27918
Calabria,45,27750
Calabria,46,27959
Calabria,47,28427
Calabria,48,28125
Calabria,49,29621
Calabria,50,29305
Calabria,51,29570
Calabria,52,29584
Calabria,53,29364
Calabria,54,30675
Calabria,55,28987
Calabria,56,28831
Calabria,57,28554
Calabria,58,28197
Calabria,59,27445
Calabria,60,25586
Calabria,61,26235
Calabria,62,25381
Calabria,63,25248
Calabria,64,25021
Calabria,65,23534
Calabria,66,22291
Calabria,67,22718
Calabria,68,23109
Calabria,69,23015
Calabria,70,23142
Calabria,71,22388
Calabria,72,20442
Calabria,73,15784
Calabria,74,15698
Calabria,75,15391
Calabria,76,15105
Calabria,77,14414
Calabria,78,16311
Calabria,79,15685
Calabria,80,14572
Calabria,81,13584
Calabria,82,12916
Calabria,83,12497
Calabria,84,11585
Calabria,85,11053
Calabria,86,9686
Calabria,87,8553
Calabria,88,7707
Calabria,89,6287
Calabria,90,5187
Calabria,91,4278
Calabria,92,3545
Calabria,93,2770
Calabria,94,2190
Calabria,95,1635
Calabria,96,1120
Calabria,97,829
Calabria,98,624
Calabria,99,280
Calabria,100,488
Sicilia,0,40337
Sicilia,1,41253
Sicilia,2,41446
Sicilia,3,42878
Sicilia,4,43964
Sicilia,5,43397
Sicilia,6,45570
Sicilia,7,46046
Sicilia,8,47032
Sicilia,9,48182
Sicilia,10,49103
Sicilia,11,48570
Sicilia,12,49723
Sicilia,13,50513
Sicilia,14,51603
Sicilia,15,51431
Sicilia,16,51735
Sicilia,17,52701
Sicilia,18,54326
Sicilia,19,55639
Sicilia,20,55120
Sicilia,21,55423
Sicilia,22,55799
Sicilia,23,56336
Sicilia,24,57716
Sicilia,25,59605
Sicilia,26,62057
Sicilia,27,60796
Sicilia,28,61369
Sicilia,29,61195
Sicilia,30,61366
Sicilia,31,59599
Sicilia,32,59577
Sicilia,33,60381
Sicilia,34,60920
Sicilia,35,60193
Sicilia,36,61975
Sicilia,37,61897
Sicilia,38,64222
Sicilia,39,64852
Sicilia,40,66546
Sicilia,41,67511
Sicilia,42,70782
Sicilia,43,72538
Sicilia,44,74913
Sicilia,45,73494
Sicilia,46,73854
Sicilia,47,75339
Sicilia,48,74344
Sicilia,49,76868
Sicilia,50,75969
Sicilia,51,76720
Sicilia,52,76058
Sicilia,53,75569
Sicilia,54,77385
Sicilia,55,73325
Sicilia,56,72988
Sicilia,57,71159
Sicilia,58,71281
Sicilia,59,67606
Sicilia,60,65361
Sicilia,61,65202
Sicilia,62,63508
Sicilia,63,63184
Sicilia,64,62555
Sicilia,65,57519
Sicilia,66,56750
Sicilia,67,56097
Sicilia,68,57624
Sicilia,69,57702
Sicilia,70,59390
Sicilia,71,58152
Sicilia,72,52850
Sicilia,73,44414
Sicilia,74,42248
Sicilia,75,39880
Sicilia,76,39038
Sicilia,77,38529
Sicilia,78,43136
Sicilia,79,40610
Sicilia,80,37856
Sicilia,81,33099
Sicilia,82,31272
Sicilia,83,29915
Sicilia,84,28502
Sicilia,85,26147
Sicilia,86,22321
Sicilia,87,20257
Sicilia,88,19236
Sicilia,89,14674
Sicilia,90,12471
Sicilia,91,9832
Sicilia,92,8188
Sicilia,93,6331
Sicilia,94,5040
Sicilia,95,3531
Sicilia,96,2698
Sicilia,97,1768
Sicilia,98,1250
Sicilia,99,611
Sicilia,100,1047
Sardegna,0,9291
Sardegna,1,10116
Sardegna,2,10492
Sardegna,3,11076
Sardegna,4,11346
Sardegna,5,11757
Sardegna,6,12373
Sardegna,7,13027
Sardegna,8,13401
Sardegna,9,13429
Sardegna,10,13492
Sardegna,11,13434
Sardegna,12,13537
Sardegna,13,13626
Sardegna,14,13404
Sardegna,15,13916
Sardegna,16,13688
Sardegna,17,14018
Sardegna,18,14576
Sardegna,19,14548
Sardegna,20,14341
Sardegna,21,14470
Sardegna,22,14737
Sardegna,23,15181
Sardegna,24,15403
Sardegna,25,15876
Sardegna,26,16553
Sardegna,27,16923
Sardegna,28,17589
Sardegna,29,17460
Sardegna,30,17688
Sardegna,31,17821
Sardegna,32,17813
Sardegna,33,18579
Sardegna,34,18902
Sardegna,35,19348
Sardegna,36,20351
Sardegna,37,20444
Sardegna,38,21168
Sardegna,39,21409
Sardegna,40,23399
Sardegna,41,23799
Sardegna,42,24796
Sardegna,43,26071
Sardegna,44,27192
Sardegna,45,27209
Sardegna,46,26917
Sardegna,47,26867
Sardegna,48,26477
Sardegna,49,27400
Sardegna,50,26660
Sardegna,51,27488
Sardegna,52,27709
Sardegna,53,27626
Sardegna,54,28243
Sardegna,55,26974
Sardegna,56,26264
Sardegna,57,25772
Sardegna,58,24983
Sardegna,59,24431
Sardegna,60,23989
Sardegna,61,23950
Sardegna,62,23456
Sardegna,63,22736
Sardegna,64,22966
Sardegna,65,21831
Sardegna,66,21513
Sardegna,67,21066
Sardegna,68,21122
Sardegna,69,20425
Sardegna,70,20719
Sardegna,71,19739
Sardegna,72,18369
Sardegna,73,17118
Sardegna,74,16607
Sardegna,75,15874
Sardegna,76,16113
Sardegna,77,14763
Sardegna,78,16088
Sardegna,79,14821
Sardegna,80,13122
Sardegna,81,11932
Sardegna,82,11314
Sardegna,83,10011
Sardegna,84,9972
Sardegna,85,9182
Sardegna,86,8052
Sardegna,87,7026
Sardegna,88,6791
Sardegna,89,5599
Sardegna,90,4798
Sardegna,91,3779
Sardegna,92,3194
Sardegna,93,2328
Sardegna,94,1933
Sardegna,95,1389
Sardegna,96,1067
Sardegna,97,709
Sardegna,98,539
Sardegna,99,297
Sardegna,100,412
